{"cameraMode":{"drawMode":0,"name":"Shaded","section":"Shading Mode"},"sceneLighting":true,"audioPlay":false,"sceneViewState":{"m_AlwaysRefresh":false,"showFog":true,"showSkybox":true,"showFlares":true,"showImageEffects":true,"showParticleSystems":true,"showVisualEffectGraphs":true,"m_FxEnabled":true},"in2DMode":false,"pivot":{"x":1.7941091060638428,"y":-4.0698699951171879,"z":9.146085739135743},"rotation":{"x":-0.1347867250442505,"y":-0.032682228833436969,"z":0.0046953302808105949,"w":-0.9901030659675598},"size":10.053335189819336,"orthographic":false}